{
  "type": "minecraft:notice",
  "title": "",
  "body": [
    {
      "type": "minecraft:plain_message",
      "contents": [
        {
          "text": "Hata\n\n\n",
          "bold": true,
          "italic": false
        },
        {
          "text": "Bir Sorun Oluştu\nHata Kodu:\n 404",
          "color": "green",
          "italic": false
        }
      ]
    }
  ],
  "can_close_with_escape": true,
  "pause": false,
  "after_action": "close",
  "action": {
    "label": "Geri",
    "action": {
      "type": "minecraft:suggest_command",
      "command": " "
    }
  }
}