{
  "type": "minecraft:multi_action",
  "title": {
    "text": "Flins UI — Page 1",
    "color": "aqua",
    "bold": true
  },
  "actions": [
    {
      "label": "→ Page 2",
      "action": {
        "type": "minecraft:run_command",
        "command": "/function flins:gui/open_page2"
      }
    },
    {
      "label": "Give Coins",
      "action": {
        "type": "minecraft:run_command",
        "command": "/function flins:economy/give_coins"
      }
    }
  ],
  "can_close_with_escape": true
}