{
  "type": "minecraft:multi_action",
  "title": {
    "text": "Flins UI — Page 2",
    "color": "green",
    "bold": true
  },
  "actions": [
    {
      "label": "→ Page 1",
      "action": {
        "type": "minecraft:run_command",
        "command": "/function flins:gui/open_page1"
      }
    },
    {
      "label": "Give Knife",
      "action": {
        "type": "minecraft:run_command",
        "command": "/function flins:items/give_yandere_knife"
      }
    }
  ],
  "can_close_with_escape": true
}