{
  "type": "minecraft:multi_action",
  "title": {
    "text": "⚙️ FLINS - YANDERE CORE",
    "color": "light_purple",
    "bold": true
  },
  "body": {
    "type": "minecraft:plain_message",
    "contents": "§dHoşgeldin — Flins Yandere Core paneline.\nKullanmak için seçeneklerden birini seç."
  },
  "can_close_with_escape": true,
  "pause": false,
  "exit_action": {
    "label": "Kapat",
    "action": {
      "type": "minecraft:suggest_command",
      "command": "/say panel kapatıldı"
    }
  },
  "actions": [
    {
      "label": "Admin Panel",
      "action": {
        "type": "minecraft:show_dialog",
        "dialog": {
          "type": "minecraft:multi_action",
          "title": "Admin Panel",
          "actions": [
            {
              "label": "Aç",
              "action": {
                "type": "minecraft:run_command",
                "command": "/function flins:menu/open_admin"
              }
            }
          ]
        }
      }
    },
    {
      "label": "Player Panel",
      "action": {
        "type": "minecraft:show_dialog",
        "dialog": {
          "type": "minecraft:multi_action",
          "title": "Player Panel",
          "actions": [
            {
              "label": "Aç",
              "action": {
                "type": "minecraft:run_command",
                "command": "/function flins:menu/open_player"
              }
            }
          ]
        }
      }
    },
    {
      "label": "Quick Actions",
      "action": {
        "type": "minecraft:show_dialog",
        "dialog": {
          "type": "minecraft:multi_action",
          "title": "Quick",
          "inputs": [
            {
              "type": "minecraft:single_option",
              "key": "qa",
              "label": "Action",
              "options": [
                {
                  "id": "heal",
                  "display": "Heal"
                },
                {
                  "id": "feed",
                  "display": "Feed"
                }
              ]
            },
            {
              "type": "minecraft:text",
              "key": "p",
              "label": "Target",
              "initial": "@s"
            }
          ],
          "actions": [
            {
              "label": "Run",
              "action": {
                "type": "minecraft:dynamic/run_command",
                "template": "/function flins:actions/quick {\"task\":\"$(qa)\",\"player\":\"$(p)\"}"
              }
            }
          ]
        }
      }
    }
  ]
}